filename,file_size,file_attributes,region_count,region_id,region_shape_attributes,region_attributes
Patient00188_Plane3_2_of_3.png,98754,"{}",1,0,"{""name"":""rect"",""x"":197,""y"":82,""width"":282,""height"":210}","{}"
Patient00216_Plane3_2_of_5.png,238394,"{}",1,0,"{""name"":""rect"",""x"":194,""y"":123,""width"":592,""height"":469}","{}"
Patient00305_Plane3_1_of_5.png,312530,"{}",1,0,"{""name"":""rect"",""x"":196,""y"":171,""width"":512,""height"":412}","{}"
Patient00630_Plane3_1_of_1.png,229328,"{}",1,0,"{""name"":""rect"",""x"":249,""y"":116,""width"":603,""height"":521}","{}"
Patient00644_Plane3_1_of_3.png,248272,"{}",1,0,"{""name"":""rect"",""x"":123,""y"":0,""width"":708,""height"":526}","{}"
Patient00652_Plane3_1_of_1.png,286441,"{}",1,0,"{""name"":""rect"",""x"":233,""y"":116,""width"":710,""height"":614}","{}"
Patient00661_Plane3_1_of_1.png,305427,"{}",1,0,"{""name"":""rect"",""x"":130,""y"":26,""width"":845,""height"":671}","{}"
Patient00688_Plane3_1_of_1.png,233076,"{}",1,0,"{""name"":""rect"",""x"":144,""y"":103,""width"":561,""height"":485}","{}"
Patient00692_Plane3_3_of_5.png,276441,"{}",1,0,"{""name"":""rect"",""x"":222,""y"":67,""width"":732,""height"":641}","{}"
Patient00699_Plane3_3_of_4.png,243755,"{}",1,0,"{""name"":""rect"",""x"":131,""y"":27,""width"":751,""height"":613}","{}"
Patient00700_Plane3_2_of_2.png,211839,"{}",1,0,"{""name"":""rect"",""x"":112,""y"":46,""width"":762,""height"":566}","{}"
Patient00702_Plane3_1_of_1.png,171949,"{}",1,0,"{""name"":""rect"",""x"":234,""y"":29,""width"":685,""height"":578}","{}"
Patient00704_Plane3_4_of_5.png,202565,"{}",1,0,"{""name"":""rect"",""x"":148,""y"":36,""width"":736,""height"":588}","{}"
Patient00709_Plane3_2_of_3.png,284869,"{}",1,0,"{""name"":""rect"",""x"":133,""y"":21,""width"":858,""height"":621}","{}"
Patient00710_Plane3_4_of_6.png,307770,"{}",1,0,"{""name"":""rect"",""x"":101,""y"":19,""width"":820,""height"":691}","{}"
Patient00714_Plane3_2_of_8.png,195526,"{}",1,0,"{""name"":""rect"",""x"":156,""y"":20,""width"":536,""height"":488}","{}"
Patient00714_Plane3_7_of_8.png,170851,"{}",1,0,"{""name"":""rect"",""x"":91,""y"":10,""width"":639,""height"":503}","{}"
Patient00715_Plane3_1_of_2.png,186120,"{}",1,0,"{""name"":""rect"",""x"":167,""y"":64,""width"":597,""height"":449}","{}"
Patient00716_Plane3_3_of_6.png,231923,"{}",1,0,"{""name"":""rect"",""x"":230,""y"":45,""width"":540,""height"":490}","{}"
Patient00717_Plane3_1_of_3.png,215870,"{}",1,0,"{""name"":""rect"",""x"":174,""y"":80,""width"":625,""height"":493}","{}"
Patient00722_Plane3_4_of_5.png,206426,"{}",1,0,"{""name"":""rect"",""x"":75,""y"":40,""width"":675,""height"":530}","{}"
Patient00723_Plane3_3_of_4.png,214595,"{}",1,0,"{""name"":""rect"",""x"":164,""y"":59,""width"":597,""height"":501}","{}"
Patient00725_Plane3_2_of_4.png,197607,"{}",1,0,"{""name"":""rect"",""x"":39,""y"":9,""width"":704,""height"":531}","{}"
Patient00728_Plane3_2_of_2.png,209014,"{}",1,0,"{""name"":""rect"",""x"":165,""y"":45,""width"":569,""height"":483}","{}"
Patient00729_Plane3_1_of_3.png,238203,"{}",1,0,"{""name"":""rect"",""x"":225,""y"":76,""width"":537,""height"":465}","{}"
Patient00731_Plane3_1_of_4.png,215275,"{}",1,0,"{""name"":""rect"",""x"":124,""y"":68,""width"":663,""height"":548}","{}"
Patient00736_Plane3_3_of_5.png,243724,"{}",1,0,"{""name"":""rect"",""x"":74,""y"":24,""width"":648,""height"":486}","{}"
Patient00736_Plane3_5_of_5.png,257515,"{}",1,0,"{""name"":""rect"",""x"":122,""y"":30,""width"":625,""height"":516}","{}"
Patient00737_Plane3_1_of_2.png,244085,"{}",1,0,"{""name"":""rect"",""x"":162,""y"":111,""width"":595,""height"":449}","{}"
Patient00737_Plane3_2_of_2.png,248085,"{}",1,0,"{""name"":""rect"",""x"":176,""y"":109,""width"":588,""height"":446}","{}"
Patient00738_Plane3_1_of_4.png,82795,"{}",1,0,"{""name"":""rect"",""x"":118,""y"":23,""width"":431,""height"":340}","{}"
Patient00738_Plane3_2_of_4.png,82795,"{}",1,0,"{""name"":""rect"",""x"":120,""y"":20,""width"":417,""height"":344}","{}"
Patient00742_Plane3_2_of_4.png,88154,"{}",1,0,"{""name"":""rect"",""x"":62,""y"":0,""width"":536,""height"":360}","{}"
Patient00746_Plane3_4_of_6.png,217341,"{}",1,0,"{""name"":""rect"",""x"":45,""y"":80,""width"":592,""height"":483}","{}"
Patient00749_Plane3_2_of_4.png,263602,"{}",1,0,"{""name"":""rect"",""x"":153,""y"":79,""width"":605,""height"":473}","{}"
Patient00751_Plane3_1_of_2.png,107367,"{}",1,0,"{""name"":""rect"",""x"":147,""y"":45,""width"":365,""height"":305}","{}"
Patient00756_Plane3_3_of_3.png,232190,"{}",1,0,"{""name"":""rect"",""x"":59,""y"":124,""width"":601,""height"":485}","{}"
Patient00758_Plane3_3_of_3.png,251580,"{}",1,0,"{""name"":""rect"",""x"":174,""y"":28,""width"":660,""height"":460}","{}"
Patient00759_Plane3_3_of_4.png,268388,"{}",1,0,"{""name"":""rect"",""x"":92,""y"":10,""width"":591,""height"":490}","{}"
Patient00761_Plane3_3_of_3.png,223020,"{}",1,0,"{""name"":""rect"",""x"":115,""y"":0,""width"":745,""height"":570}","{}"
Patient00764_Plane3_2_of_6.png,182683,"{}",1,0,"{""name"":""rect"",""x"":65,""y"":4,""width"":667,""height"":532}","{}"
Patient00764_Plane3_5_of_6.png,182799,"{}",1,0,"{""name"":""rect"",""x"":23,""y"":3,""width"":664,""height"":518}","{}"
Patient00765_Plane3_1_of_6.png,209007,"{}",1,0,"{""name"":""rect"",""x"":202,""y"":132,""width"":446,""height"":380}","{}"
Patient00766_Plane3_2_of_3.png,257156,"{}",1,0,"{""name"":""rect"",""x"":216,""y"":49,""width"":580,""height"":510}","{}"
Patient00777_Plane3_2_of_3.png,232837,"{}",1,0,"{""name"":""rect"",""x"":114,""y"":19,""width"":693,""height"":579}","{}"
Patient00778_Plane3_2_of_5.png,181398,"{}",1,0,"{""name"":""rect"",""x"":269,""y"":130,""width"":558,""height"":486}","{}"
Patient00782_Plane3_1_of_4.png,221738,"{}",1,0,"{""name"":""rect"",""x"":121,""y"":179,""width"":584,""height"":480}","{}"
Patient00783_Plane3_5_of_5.png,206568,"{}",1,0,"{""name"":""rect"",""x"":129,""y"":25,""width"":573,""height"":497}","{}"
Patient00786_Plane3_2_of_3.png,189722,"{}",1,0,"{""name"":""rect"",""x"":102,""y"":81,""width"":586,""height"":483}","{}"
Patient00789_Plane3_3_of_3.png,93036,"{}",1,0,"{""name"":""rect"",""x"":78,""y"":0,""width"":546,""height"":388}","{}"
Patient00790_Plane3_3_of_5.png,181398,"{}",1,0,"{""name"":""rect"",""x"":262,""y"":123,""width"":569,""height"":493}","{}"
Patient00792_Plane3_1_of_1.png,92327,"{}",1,0,"{""name"":""rect"",""x"":61,""y"":4,""width"":509,""height"":335}","{}"
Patient00795_Plane3_2_of_2.png,88619,"{}",1,0,"{""name"":""rect"",""x"":88,""y"":2,""width"":478,""height"":357}","{}"
Patient00799_Plane3_1_of_3.png,189535,"{}",1,0,"{""name"":""rect"",""x"":108,""y"":96,""width"":585,""height"":464}","{}"
Patient00801_Plane3_1_of_3.png,244452,"{}",1,0,"{""name"":""rect"",""x"":230,""y"":94,""width"":568,""height"":470}","{}"
Patient00803_Plane3_3_of_5.png,204679,"{}",1,0,"{""name"":""rect"",""x"":286,""y"":79,""width"":592,""height"":501}","{}"
Patient00803_Plane3_4_of_5.png,193402,"{}",1,0,"{""name"":""rect"",""x"":283,""y"":76,""width"":590,""height"":525}","{}"
Patient00804_Plane3_1_of_5.png,228675,"{}",1,0,"{""name"":""rect"",""x"":198,""y"":66,""width"":609,""height"":500}","{}"
Patient00804_Plane3_5_of_5.png,229516,"{}",1,0,"{""name"":""rect"",""x"":204,""y"":67,""width"":595,""height"":495}","{}"
Patient00806_Plane3_1_of_4.png,239200,"{}",1,0,"{""name"":""rect"",""x"":151,""y"":40,""width"":513,""height"":455}","{}"
Patient00807_Plane3_1_of_5.png,215495,"{}",1,0,"{""name"":""rect"",""x"":166,""y"":129,""width"":553,""height"":464}","{}"
Patient00810_Plane3_2_of_2.png,101150,"{}",1,0,"{""name"":""rect"",""x"":50,""y"":0,""width"":536,""height"":388}","{}"
Patient00811_Plane3_2_of_5.png,101699,"{}",1,0,"{""name"":""rect"",""x"":187,""y"":28,""width"":399,""height"":337}","{}"
Patient00812_Plane3_2_of_3.png,99806,"{}",1,0,"{""name"":""rect"",""x"":103,""y"":4,""width"":456,""height"":371}","{}"
Patient00816_Plane3_5_of_6.png,238984,"{}",1,0,"{""name"":""rect"",""x"":331,""y"":36,""width"":756,""height"":662}","{}"
Patient00818_Plane3_2_of_2.png,215222,"{}",1,0,"{""name"":""rect"",""x"":63,""y"":72,""width"":634,""height"":540}","{}"
Patient00819_Plane3_2_of_4.png,236513,"{}",1,0,"{""name"":""rect"",""x"":270,""y"":41,""width"":564,""height"":452}","{}"
Patient00819_Plane3_4_of_4.png,253319,"{}",1,0,"{""name"":""rect"",""x"":103,""y"":48,""width"":603,""height"":480}","{}"
Patient00820_Plane3_2_of_3.png,166008,"{}",1,0,"{""name"":""rect"",""x"":118,""y"":35,""width"":610,""height"":469}","{}"
Patient00821_Plane3_3_of_3.png,170902,"{}",1,0,"{""name"":""rect"",""x"":114,""y"":27,""width"":684,""height"":528}","{}"
Patient00822_Plane3_4_of_6.png,235321,"{}",1,0,"{""name"":""rect"",""x"":220,""y"":19,""width"":683,""height"":577}","{}"
Patient00822_Plane3_5_of_6.png,234163,"{}",1,0,"{""name"":""rect"",""x"":185,""y"":35,""width"":656,""height"":571}","{}"
Patient00823_Plane3_2_of_4.png,223258,"{}",1,0,"{""name"":""rect"",""x"":110,""y"":24,""width"":724,""height"":571}","{}"
Patient00823_Plane3_3_of_4.png,229083,"{}",1,0,"{""name"":""rect"",""x"":102,""y"":16,""width"":714,""height"":560}","{}"
Patient00826_Plane3_3_of_5.png,209226,"{}",1,0,"{""name"":""rect"",""x"":259,""y"":52,""width"":603,""height"":473}","{}"
Patient00828_Plane3_1_of_1.png,219866,"{}",1,0,"{""name"":""rect"",""x"":206,""y"":100,""width"":616,""height"":513}","{}"
Patient00829_Plane3_5_of_5.png,226321,"{}",1,0,"{""name"":""rect"",""x"":291,""y"":12,""width"":620,""height"":510}","{}"
Patient00835_Plane3_2_of_3.png,97250,"{}",1,0,"{""name"":""rect"",""x"":125,""y"":4,""width"":481,""height"":364}","{}"
Patient00837_Plane3_5_of_7.png,235273,"{}",1,0,"{""name"":""rect"",""x"":78,""y"":24,""width"":773,""height"":584}","{}"
Patient00837_Plane3_7_of_7.png,201135,"{}",1,0,"{""name"":""rect"",""x"":89,""y"":23,""width"":806,""height"":599}","{}"
Patient00839_Plane3_2_of_4.png,216404,"{}",1,0,"{""name"":""rect"",""x"":128,""y"":40,""width"":730,""height"":593}","{}"
Patient00840_Plane3_1_of_3.png,234486,"{}",1,0,"{""name"":""rect"",""x"":216,""y"":92,""width"":688,""height"":555}","{}"
Patient00843_Plane3_1_of_6.png,196409,"{}",1,0,"{""name"":""rect"",""x"":160,""y"":58,""width"":642,""height"":474}","{}"
Patient00847_Plane3_1_of_4.png,223282,"{}",1,0,"{""name"":""rect"",""x"":269,""y"":51,""width"":537,""height"":480}","{}"
Patient00847_Plane3_4_of_4.png,262507,"{}",1,0,"{""name"":""rect"",""x"":134,""y"":34,""width"":663,""height"":518}","{}"
Patient00848_Plane3_1_of_4.png,231122,"{}",1,0,"{""name"":""rect"",""x"":39,""y"":62,""width"":678,""height"":534}","{}"
Patient00848_Plane3_4_of_4.png,232903,"{}",1,0,"{""name"":""rect"",""x"":45,""y"":100,""width"":717,""height"":532}","{}"
Patient00851_Plane3_1_of_3.png,86030,"{}",1,0,"{""name"":""rect"",""x"":114,""y"":28,""width"":425,""height"":342}","{}"
Patient00851_Plane3_2_of_3.png,84972,"{}",1,0,"{""name"":""rect"",""x"":116,""y"":8,""width"":434,""height"":339}","{}"
Patient00852_Plane3_2_of_3.png,98004,"{}",1,0,"{""name"":""rect"",""x"":117,""y"":20,""width"":428,""height"":333}","{}"
Patient00854_Plane3_2_of_3.png,101605,"{}",1,0,"{""name"":""rect"",""x"":150,""y"":8,""width"":415,""height"":334}","{}"
Patient00855_Plane3_1_of_3.png,96856,"{}",1,0,"{""name"":""rect"",""x"":139,""y"":16,""width"":406,""height"":336}","{}"
Patient00855_Plane3_2_of_3.png,79536,"{}",1,0,"{""name"":""rect"",""x"":53,""y"":4,""width"":504,""height"":384}","{}"
Patient00858_Plane3_3_of_3.png,213226,"{}",1,0,"{""name"":""rect"",""x"":338,""y"":126,""width"":450,""height"":400}","{}"
Patient00859_Plane3_1_of_1.png,219788,"{}",1,0,"{""name"":""rect"",""x"":125,""y"":60,""width"":566,""height"":480}","{}"
Patient00861_Plane3_2_of_4.png,254812,"{}",1,0,"{""name"":""rect"",""x"":135,""y"":39,""width"":626,""height"":515}","{}"
Patient00861_Plane3_4_of_4.png,259000,"{}",1,0,"{""name"":""rect"",""x"":134,""y"":36,""width"":620,""height"":512}","{}"
Patient00863_Plane3_2_of_3.png,242023,"{}",1,0,"{""name"":""rect"",""x"":126,""y"":51,""width"":689,""height"":537}","{}"
Patient00866_Plane3_1_of_2.png,235102,"{}",1,0,"{""name"":""rect"",""x"":265,""y"":43,""width"":610,""height"":504}","{}"
Patient00866_Plane3_2_of_2.png,231685,"{}",1,0,"{""name"":""rect"",""x"":273,""y"":74,""width"":570,""height"":489}","{}"
Patient00867_Plane3_1_of_3.png,108516,"{}",1,0,"{""name"":""rect"",""x"":142,""y"":18,""width"":436,""height"":350}","{}"
Patient00870_Plane3_2_of_5.png,114407,"{}",1,0,"{""name"":""rect"",""x"":199,""y"":82,""width"":331,""height"":267}","{}"
Patient00873_Plane3_3_of_3.png,104553,"{}",1,0,"{""name"":""rect"",""x"":195,""y"":3,""width"":340,""height"":273}","{}"
Patient00875_Plane3_2_of_3.png,99310,"{}",1,0,"{""name"":""rect"",""x"":90,""y"":0,""width"":496,""height"":372}","{}"
Patient00880_Plane3_2_of_2.png,198054,"{}",1,0,"{""name"":""rect"",""x"":152,""y"":81,""width"":572,""height"":480}","{}"
Patient00881_Plane3_2_of_2.png,272517,"{}",1,0,"{""name"":""rect"",""x"":69,""y"":81,""width"":558,""height"":467}","{}"
Patient00883_Plane3_1_of_2.png,189753,"{}",1,0,"{""name"":""rect"",""x"":154,""y"":121,""width"":654,""height"":526}","{}"
Patient00895_Plane3_3_of_3.png,225258,"{}",1,0,"{""name"":""rect"",""x"":142,""y"":36,""width"":735,""height"":627}","{}"
Patient00899_Plane3_1_of_4.png,173242,"{}",1,0,"{""name"":""rect"",""x"":294,""y"":136,""width"":487,""height"":389}","{}"
Patient00901_Plane3_2_of_5.png,200803,"{}",1,0,"{""name"":""rect"",""x"":128,""y"":8,""width"":657,""height"":503}","{}"
Patient00906_Plane3_2_of_3.png,109193,"{}",1,0,"{""name"":""rect"",""x"":97,""y"":3,""width"":510,""height"":358}","{}"
Patient00911_Plane3_2_of_3.png,87721,"{}",1,0,"{""name"":""rect"",""x"":142,""y"":27,""width"":419,""height"":339}","{}"
Patient00912_Plane3_2_of_5.png,177470,"{}",1,0,"{""name"":""rect"",""x"":114,""y"":78,""width"":636,""height"":527}","{}"
Patient00912_Plane3_4_of_5.png,207320,"{}",1,0,"{""name"":""rect"",""x"":204,""y"":81,""width"":562,""height"":481}","{}"
Patient00917_Plane3_3_of_5.png,196743,"{}",1,0,"{""name"":""rect"",""x"":278,""y"":200,""width"":537,""height"":432}","{}"
Patient00918_Plane3_2_of_2.png,219993,"{}",1,0,"{""name"":""rect"",""x"":228,""y"":125,""width"":502,""height"":395}","{}"
Patient00919_Plane3_1_of_2.png,224616,"{}",1,0,"{""name"":""rect"",""x"":192,""y"":124,""width"":674,""height"":512}","{}"
Patient00921_Plane3_1_of_3.png,182111,"{}",1,0,"{""name"":""rect"",""x"":82,""y"":58,""width"":659,""height"":486}","{}"
Patient00926_Plane3_2_of_4.png,100983,"{}",1,0,"{""name"":""rect"",""x"":189,""y"":42,""width"":319,""height"":278}","{}"
Patient00928_Plane3_7_of_9.png,215843,"{}",1,0,"{""name"":""rect"",""x"":131,""y"":21,""width"":727,""height"":615}","{}"
Patient00928_Plane3_9_of_9.png,173848,"{}",1,0,"{""name"":""rect"",""x"":140,""y"":50,""width"":684,""height"":577}","{}"
Patient00929_Plane3_4_of_8.png,247499,"{}",1,0,"{""name"":""rect"",""x"":166,""y"":48,""width"":668,""height"":548}","{}"
Patient00929_Plane3_6_of_8.png,238758,"{}",1,0,"{""name"":""rect"",""x"":110,""y"":62,""width"":703,""height"":558}","{}"
Patient00930_Plane3_4_of_6.png,292146,"{}",1,0,"{""name"":""rect"",""x"":198,""y"":24,""width"":865,""height"":717}","{}"
Patient00932_Plane3_1_of_1.png,221166,"{}",1,0,"{""name"":""rect"",""x"":122,""y"":74,""width"":531,""height"":411}","{}"
Patient00933_Plane3_1_of_4.png,183977,"{}",1,0,"{""name"":""rect"",""x"":121,""y"":59,""width"":670,""height"":501}","{}"
Patient00933_Plane3_3_of_4.png,169999,"{}",1,0,"{""name"":""rect"",""x"":87,""y"":68,""width"":642,""height"":515}","{}"
Patient00941_Plane3_1_of_1.png,224277,"{}",1,0,"{""name"":""rect"",""x"":211,""y"":81,""width"":541,""height"":445}","{}"
Patient00945_Plane3_4_of_4.png,181993,"{}",1,0,"{""name"":""rect"",""x"":155,""y"":59,""width"":640,""height"":521}","{}"
Patient00946_Plane3_1_of_2.png,158603,"{}",1,0,"{""name"":""rect"",""x"":102,""y"":44,""width"":644,""height"":515}","{}"
Patient00950_Plane3_4_of_5.png,209866,"{}",1,0,"{""name"":""rect"",""x"":124,""y"":33,""width"":674,""height"":485}","{}"
Patient00952_Plane3_1_of_2.png,118155,"{}",1,0,"{""name"":""rect"",""x"":206,""y"":12,""width"":384,""height"":314}","{}"
Patient00953_Plane3_3_of_3.png,94667,"{}",1,0,"{""name"":""rect"",""x"":106,""y"":30,""width"":456,""height"":350}","{}"
Patient00956_Plane3_2_of_3.png,106863,"{}",1,0,"{""name"":""rect"",""x"":112,""y"":7,""width"":470,""height"":367}","{}"
Patient00956_Plane3_3_of_3.png,106914,"{}",1,0,"{""name"":""rect"",""x"":96,""y"":7,""width"":490,""height"":377}","{}"
Patient00961_Plane3_2_of_4.png,226664,"{}",1,0,"{""name"":""rect"",""x"":175,""y"":50,""width"":656,""height"":564}","{}"
Patient00962_Plane3_1_of_5.png,273919,"{}",1,0,"{""name"":""rect"",""x"":147,""y"":95,""width"":873,""height"":682}","{}"
Patient00962_Plane3_3_of_5.png,245928,"{}",1,0,"{""name"":""rect"",""x"":301,""y"":47,""width"":656,""height"":601}","{}"
Patient00964_Plane3_1_of_4.png,259314,"{}",1,0,"{""name"":""rect"",""x"":290,""y"":26,""width"":592,""height"":493}","{}"
Patient00970_Plane3_3_of_4.png,260436,"{}",1,0,"{""name"":""rect"",""x"":318,""y"":25,""width"":573,""height"":433}","{}"
Patient00971_Plane3_1_of_2.png,176110,"{}",1,0,"{""name"":""rect"",""x"":191,""y"":67,""width"":519,""height"":453}","{}"
Patient00978_Plane3_2_of_3.png,185468,"{}",1,0,"{""name"":""rect"",""x"":131,""y"":33,""width"":659,""height"":530}","{}"
Patient00978_Plane3_3_of_3.png,185962,"{}",1,0,"{""name"":""rect"",""x"":174,""y"":41,""width"":656,""height"":541}","{}"
Patient00981_Plane3_2_of_3.png,189349,"{}",1,0,"{""name"":""rect"",""x"":301,""y"":16,""width"":656,""height"":556}","{}"
Patient00994_Plane3_3_of_4.png,246219,"{}",1,0,"{""name"":""rect"",""x"":76,""y"":13,""width"":700,""height"":584}","{}"
Patient00995_Plane3_2_of_3.png,209022,"{}",1,0,"{""name"":""rect"",""x"":119,""y"":51,""width"":623,""height"":498}","{}"
Patient00999_Plane3_4_of_4.png,187204,"{}",1,0,"{""name"":""rect"",""x"":170,""y"":39,""width"":580,""height"":505}","{}"
Patient01001_Plane3_4_of_4.png,207561,"{}",1,0,"{""name"":""rect"",""x"":80,""y"":10,""width"":620,""height"":486}","{}"
Patient01004_Plane3_1_of_3.png,205949,"{}",1,0,"{""name"":""rect"",""x"":251,""y"":38,""width"":643,""height"":527}","{}"
Patient01011_Plane3_2_of_2.png,110207,"{}",1,0,"{""name"":""rect"",""x"":90,""y"":1,""width"":474,""height"":375}","{}"
Patient01013_Plane3_1_of_4.png,84408,"{}",1,0,"{""name"":""rect"",""x"":129,""y"":24,""width"":375,""height"":324}","{}"
Patient01016_Plane3_1_of_4.png,225161,"{}",1,0,"{""name"":""rect"",""x"":284,""y"":157,""width"":625,""height"":546}","{}"
Patient01016_Plane3_3_of_4.png,281473,"{}",1,0,"{""name"":""rect"",""x"":173,""y"":112,""width"":769,""height"":616}","{}"
Patient01017_Plane3_5_of_5.png,178217,"{}",1,0,"{""name"":""rect"",""x"":117,""y"":41,""width"":681,""height"":555}","{}"
Patient01021_Plane3_1_of_2.png,172389,"{}",1,0,"{""name"":""rect"",""x"":174,""y"":24,""width"":606,""height"":546}","{}"
Patient01022_Plane3_2_of_5.png,248639,"{}",1,0,"{""name"":""rect"",""x"":190,""y"":24,""width"":602,""height"":497}","{}"
Patient01023_Plane3_3_of_4.png,253049,"{}",1,0,"{""name"":""rect"",""x"":101,""y"":24,""width"":743,""height"":550}","{}"
Patient01023_Plane3_4_of_4.png,258916,"{}",1,0,"{""name"":""rect"",""x"":114,""y"":31,""width"":684,""height"":583}","{}"
Patient01025_Plane3_2_of_3.png,222931,"{}",1,0,"{""name"":""rect"",""x"":126,""y"":56,""width"":626,""height"":493}","{}"
Patient01026_Plane3_2_of_6.png,213848,"{}",1,0,"{""name"":""rect"",""x"":225,""y"":85,""width"":525,""height"":438}","{}"
Patient01031_Plane3_1_of_3.png,86030,"{}",1,0,"{""name"":""rect"",""x"":116,""y"":8,""width"":429,""height"":356}","{}"
Patient01042_Plane3_1_of_3.png,238981,"{}",1,0,"{""name"":""rect"",""x"":206,""y"":67,""width"":629,""height"":534}","{}"
Patient01042_Plane3_3_of_3.png,235166,"{}",1,0,"{""name"":""rect"",""x"":196,""y"":89,""width"":617,""height"":501}","{}"
Patient01043_Plane3_2_of_4.png,214477,"{}",1,0,"{""name"":""rect"",""x"":218,""y"":28,""width"":664,""height"":539}","{}"
Patient01043_Plane3_4_of_4.png,221176,"{}",1,0,"{""name"":""rect"",""x"":155,""y"":59,""width"":694,""height"":561}","{}"
Patient01044_Plane3_2_of_5.png,261580,"{}",1,0,"{""name"":""rect"",""x"":46,""y"":32,""width"":642,""height"":495}","{}"
Patient01045_Plane3_1_of_5.png,247486,"{}",1,0,"{""name"":""rect"",""x"":202,""y"":56,""width"":601,""height"":495}","{}"
Patient01045_Plane3_2_of_5.png,245805,"{}",1,0,"{""name"":""rect"",""x"":138,""y"":31,""width"":564,""height"":500}","{}"
Patient01045_Plane3_3_of_5.png,263478,"{}",1,0,"{""name"":""rect"",""x"":120,""y"":32,""width"":575,""height"":464}","{}"
Patient01046_Plane3_2_of_3.png,247276,"{}",1,0,"{""name"":""rect"",""x"":207,""y"":64,""width"":564,""height"":448}","{}"
Patient01047_Plane3_3_of_3.png,117978,"{}",1,0,"{""name"":""rect"",""x"":174,""y"":14,""width"":425,""height"":334}","{}"
Patient01050_Plane3_1_of_2.png,124295,"{}",1,0,"{""name"":""rect"",""x"":166,""y"":0,""width"":403,""height"":337}","{}"
Patient01051_Plane3_1_of_4.png,179881,"{}",1,0,"{""name"":""rect"",""x"":168,""y"":60,""width"":663,""height"":537}","{}"
Patient01053_Plane3_1_of_2.png,210770,"{}",1,0,"{""name"":""rect"",""x"":89,""y"":31,""width"":669,""height"":522}","{}"
Patient01060_Plane3_1_of_4.png,213845,"{}",1,0,"{""name"":""rect"",""x"":185,""y"":102,""width"":581,""height"":440}","{}"
Patient01060_Plane3_3_of_4.png,230432,"{}",1,0,"{""name"":""rect"",""x"":230,""y"":92,""width"":539,""height"":409}","{}"
Patient01063_Plane3_3_of_4.png,235214,"{}",1,0,"{""name"":""rect"",""x"":166,""y"":88,""width"":618,""height"":453}","{}"
Patient01064_Plane3_1_of_2.png,119299,"{}",1,0,"{""name"":""rect"",""x"":197,""y"":24,""width"":354,""height"":307}","{}"
Patient01068_Plane3_1_of_5.png,211253,"{}",1,0,"{""name"":""rect"",""x"":191,""y"":32,""width"":640,""height"":513}","{}"
Patient01070_Plane3_1_of_6.png,210456,"{}",1,0,"{""name"":""rect"",""x"":212,""y"":4,""width"":606,""height"":504}","{}"
Patient01070_Plane3_6_of_6.png,197960,"{}",1,0,"{""name"":""rect"",""x"":124,""y"":5,""width"":640,""height"":542}","{}"
Patient01071_Plane3_4_of_4.png,205001,"{}",1,0,"{""name"":""rect"",""x"":138,""y"":18,""width"":644,""height"":562}","{}"
Patient01076_Plane3_1_of_2.png,189858,"{}",1,0,"{""name"":""rect"",""x"":135,""y"":65,""width"":614,""height"":509}","{}"
Patient01079_Plane3_2_of_3.png,119799,"{}",1,0,"{""name"":""rect"",""x"":137,""y"":32,""width"":339,""height"":280}","{}"
Patient01080_Plane3_3_of_3.png,96487,"{}",1,0,"{""name"":""rect"",""x"":130,""y"":0,""width"":487,""height"":372}","{}"
Patient01084_Plane3_2_of_2.png,199180,"{}",1,0,"{""name"":""rect"",""x"":306,""y"":83,""width"":576,""height"":464}","{}"
Patient01094_Plane3_2_of_2.png,95391,"{}",1,0,"{""name"":""rect"",""x"":114,""y"":12,""width"":416,""height"":324}","{}"
Patient01098_Plane3_1_of_7.png,278156,"{}",1,0,"{""name"":""rect"",""x"":237,""y"":102,""width"":687,""height"":584}","{}"
Patient01098_Plane3_2_of_7.png,260597,"{}",1,0,"{""name"":""rect"",""x"":286,""y"":66,""width"":786,""height"":655}","{}"
Patient01098_Plane3_6_of_7.png,275533,"{}",1,0,"{""name"":""rect"",""x"":227,""y"":40,""width"":782,""height"":695}","{}"
Patient01098_Plane3_7_of_7.png,255775,"{}",1,0,"{""name"":""rect"",""x"":279,""y"":59,""width"":829,""height"":683}","{}"
Patient01101_Plane3_2_of_3.png,247363,"{}",1,0,"{""name"":""rect"",""x"":171,""y"":59,""width"":670,""height"":529}","{}"
Patient01105_Plane3_3_of_5.png,247186,"{}",1,0,"{""name"":""rect"",""x"":118,""y"":22,""width"":662,""height"":511}","{}"
Patient01107_Plane3_3_of_3.png,245371,"{}",1,0,"{""name"":""rect"",""x"":90,""y"":44,""width"":712,""height"":559}","{}"
Patient01110_Plane3_3_of_4.png,236834,"{}",1,0,"{""name"":""rect"",""x"":81,""y"":48,""width"":697,""height"":575}","{}"
Patient01110_Plane3_4_of_4.png,236834,"{}",1,0,"{""name"":""rect"",""x"":96,""y"":52,""width"":692,""height"":576}","{}"
Patient01111_Plane3_1_of_3.png,96182,"{}",1,0,"{""name"":""rect"",""x"":160,""y"":59,""width"":322,""height"":261}","{}"
Patient01111_Plane3_3_of_3.png,93423,"{}",1,0,"{""name"":""rect"",""x"":181,""y"":53,""width"":324,""height"":263}","{}"
Patient01115_Plane3_2_of_4.png,112354,"{}",1,0,"{""name"":""rect"",""x"":143,""y"":40,""width"":423,""height"":347}","{}"
Patient01116_Plane3_3_of_3.png,104122,"{}",1,0,"{""name"":""rect"",""x"":103,""y"":0,""width"":501,""height"":360}","{}"
Patient01117_Plane3_2_of_6.png,201970,"{}",1,0,"{""name"":""rect"",""x"":110,""y"":46,""width"":691,""height"":547}","{}"
Patient01117_Plane3_6_of_6.png,216615,"{}",1,0,"{""name"":""rect"",""x"":185,""y"":0,""width"":712,""height"":540}","{}"
Patient01118_Plane3_2_of_6.png,194019,"{}",1,0,"{""name"":""rect"",""x"":122,""y"":14,""width"":645,""height"":548}","{}"
Patient01118_Plane3_4_of_6.png,183668,"{}",1,0,"{""name"":""rect"",""x"":55,""y"":10,""width"":658,""height"":565}","{}"
Patient01118_Plane3_5_of_6.png,200074,"{}",1,0,"{""name"":""rect"",""x"":123,""y"":29,""width"":703,""height"":567}","{}"
Patient01120_Plane3_3_of_3.png,232933,"{}",1,0,"{""name"":""rect"",""x"":164,""y"":24,""width"":705,""height"":549}","{}"
Patient01121_Plane3_1_of_2.png,218163,"{}",1,0,"{""name"":""rect"",""x"":178,""y"":10,""width"":687,""height"":574}","{}"
Patient01121_Plane3_2_of_2.png,202979,"{}",1,0,"{""name"":""rect"",""x"":162,""y"":45,""width"":598,""height"":514}","{}"
Patient01123_Plane3_4_of_4.png,229966,"{}",1,0,"{""name"":""rect"",""x"":195,""y"":12,""width"":641,""height"":526}","{}"
Patient01126_Plane3_2_of_5.png,144911,"{}",1,0,"{""name"":""rect"",""x"":173,""y"":69,""width"":593,""height"":515}","{}"
Patient01126_Plane3_4_of_5.png,203691,"{}",1,0,"{""name"":""rect"",""x"":140,""y"":20,""width"":665,""height"":573}","{}"
Patient01127_Plane3_3_of_3.png,243113,"{}",1,0,"{""name"":""rect"",""x"":114,""y"":47,""width"":656,""height"":525}","{}"
Patient01130_Plane3_1_of_2.png,100520,"{}",1,0,"{""name"":""rect"",""x"":106,""y"":3,""width"":411,""height"":354}","{}"
Patient01132_Plane3_2_of_3.png,233699,"{}",1,0,"{""name"":""rect"",""x"":206,""y"":65,""width"":637,""height"":531}","{}"
Patient01134_Plane3_3_of_3.png,182141,"{}",1,0,"{""name"":""rect"",""x"":222,""y"":91,""width"":592,""height"":524}","{}"
Patient01135_Plane3_2_of_3.png,143322,"{}",1,0,"{""name"":""rect"",""x"":227,""y"":86,""width"":526,""height"":454}","{}"
Patient01137_Plane3_7_of_8.png,202435,"{}",1,0,"{""name"":""rect"",""x"":95,""y"":11,""width"":783,""height"":592}","{}"
Patient01139_Plane3_2_of_6.png,258367,"{}",1,0,"{""name"":""rect"",""x"":209,""y"":56,""width"":587,""height"":536}","{}"
Patient01139_Plane3_4_of_6.png,253068,"{}",1,0,"{""name"":""rect"",""x"":92,""y"":72,""width"":615,""height"":497}","{}"
Patient01150_Plane3_1_of_3.png,103447,"{}",1,0,"{""name"":""rect"",""x"":194,""y"":3,""width"":376,""height"":321}","{}"
Patient01150_Plane3_2_of_3.png,119669,"{}",1,0,"{""name"":""rect"",""x"":156,""y"":13,""width"":406,""height"":299}","{}"
Patient01151_Plane3_7_of_13.png,224477,"{}",1,0,"{""name"":""rect"",""x"":242,""y"":56,""width"":627,""height"":519}","{}"
Patient01151_Plane3_13_of_13.png,224477,"{}",1,0,"{""name"":""rect"",""x"":258,""y"":51,""width"":629,""height"":521}","{}"
Patient01152_Plane3_1_of_3.png,212826,"{}",1,0,"{""name"":""rect"",""x"":142,""y"":46,""width"":704,""height"":586}","{}"
Patient01152_Plane3_2_of_3.png,235859,"{}",1,0,"{""name"":""rect"",""x"":95,""y"":62,""width"":703,""height"":592}","{}"
Patient01156_Plane3_1_of_5.png,204231,"{}",1,0,"{""name"":""rect"",""x"":182,""y"":48,""width"":578,""height"":453}","{}"
Patient01156_Plane3_5_of_5.png,248080,"{}",1,0,"{""name"":""rect"",""x"":135,""y"":22,""width"":673,""height"":543}","{}"
Patient01160_Plane3_3_of_4.png,205689,"{}",1,0,"{""name"":""rect"",""x"":160,""y"":40,""width"":629,""height"":559}","{}"
Patient01161_Plane3_2_of_4.png,236045,"{}",1,0,"{""name"":""rect"",""x"":144,""y"":13,""width"":717,""height"":607}","{}"
Patient01162_Plane3_2_of_3.png,223845,"{}",1,0,"{""name"":""rect"",""x"":126,""y"":20,""width"":622,""height"":504}","{}"
Patient01165_Plane3_2_of_2.png,119149,"{}",1,0,"{""name"":""rect"",""x"":141,""y"":6,""width"":472,""height"":348}","{}"
Patient01166_Plane3_3_of_4.png,105997,"{}",1,0,"{""name"":""rect"",""x"":146,""y"":0,""width"":444,""height"":351}","{}"
Patient01168_Plane3_1_of_2.png,93870,"{}",1,0,"{""name"":""rect"",""x"":176,""y"":1,""width"":406,""height"":363}","{}"
Patient01168_Plane3_2_of_2.png,105322,"{}",1,0,"{""name"":""rect"",""x"":135,""y"":5,""width"":411,""height"":355}","{}"
Patient01169_Plane3_2_of_3.png,250889,"{}",1,0,"{""name"":""rect"",""x"":191,""y"":12,""width"":711,""height"":634}","{}"
Patient01169_Plane3_3_of_3.png,236157,"{}",1,0,"{""name"":""rect"",""x"":206,""y"":58,""width"":532,""height"":503}","{}"
Patient01170_Plane3_2_of_3.png,242720,"{}",1,0,"{""name"":""rect"",""x"":78,""y"":52,""width"":644,""height"":500}","{}"
Patient01175_Plane3_2_of_4.png,176787,"{}",1,0,"{""name"":""rect"",""x"":189,""y"":88,""width"":587,""height"":461}","{}"
Patient01176_Plane3_1_of_4.png,220318,"{}",1,0,"{""name"":""rect"",""x"":139,""y"":105,""width"":566,""height"":456}","{}"
Patient01176_Plane3_3_of_4.png,189030,"{}",1,0,"{""name"":""rect"",""x"":335,""y"":13,""width"":599,""height"":495}","{}"
Patient01177_Plane3_5_of_5.png,196676,"{}",1,0,"{""name"":""rect"",""x"":244,""y"":8,""width"":687,""height"":582}","{}"
Patient01178_Plane3_2_of_4.png,244418,"{}",1,0,"{""name"":""rect"",""x"":220,""y"":18,""width"":614,""height"":502}","{}"
Patient01178_Plane3_4_of_4.png,217187,"{}",1,0,"{""name"":""rect"",""x"":142,""y"":16,""width"":608,""height"":474}","{}"
Patient01179_Plane3_2_of_3.png,283391,"{}",1,0,"{""name"":""rect"",""x"":188,""y"":75,""width"":636,""height"":505}","{}"
Patient01179_Plane3_3_of_3.png,265744,"{}",1,0,"{""name"":""rect"",""x"":146,""y"":62,""width"":633,""height"":514}","{}"
Patient01182_Plane3_3_of_5.png,191826,"{}",1,0,"{""name"":""rect"",""x"":254,""y"":74,""width"":582,""height"":473}","{}"
Patient01183_Plane3_1_of_4.png,239052,"{}",1,0,"{""name"":""rect"",""x"":164,""y"":57,""width"":597,""height"":493}","{}"
Patient01183_Plane3_2_of_4.png,231384,"{}",2,0,"{""name"":""rect"",""x"":91,""y"":48,""width"":13,""height"":4}","{}"
Patient01183_Plane3_2_of_4.png,231384,"{}",2,1,"{""name"":""rect"",""x"":110,""y"":47,""width"":573,""height"":481}","{}"
Patient01184_Plane3_1_of_1.png,158420,"{}",1,0,"{""name"":""rect"",""x"":324,""y"":150,""width"":394,""height"":318}","{}"
Patient01185_Plane3_2_of_3.png,106153,"{}",1,0,"{""name"":""rect"",""x"":135,""y"":7,""width"":470,""height"":346}","{}"
Patient01188_Plane3_1_of_2.png,94543,"{}",1,0,"{""name"":""rect"",""x"":131,""y"":11,""width"":431,""height"":348}","{}"
Patient01189_Plane3_3_of_3.png,266613,"{}",1,0,"{""name"":""rect"",""x"":166,""y"":17,""width"":672,""height"":524}","{}"
Patient01190_Plane3_3_of_3.png,243928,"{}",1,0,"{""name"":""rect"",""x"":198,""y"":19,""width"":574,""height"":516}","{}"
Patient01191_Plane3_2_of_4.png,174278,"{}",1,0,"{""name"":""rect"",""x"":166,""y"":17,""width"":597,""height"":495}","{}"
Patient01194_Plane3_1_of_1.png,190662,"{}",1,0,"{""name"":""rect"",""x"":172,""y"":46,""width"":621,""height"":522}","{}"
Patient01201_Plane3_1_of_1.png,99086,"{}",1,0,"{""name"":""rect"",""x"":242,""y"":49,""width"":312,""height"":249}","{}"
Patient01202_Plane3_2_of_7.png,194333,"{}",1,0,"{""name"":""rect"",""x"":201,""y"":53,""width"":624,""height"":542}","{}"
Patient01202_Plane3_6_of_7.png,204074,"{}",1,0,"{""name"":""rect"",""x"":260,""y"":79,""width"":630,""height"":534}","{}"
Patient01204_Plane3_3_of_3.png,196561,"{}",1,0,"{""name"":""rect"",""x"":305,""y"":30,""width"":576,""height"":458}","{}"
Patient01209_Plane3_4_of_7.png,222151,"{}",1,0,"{""name"":""rect"",""x"":156,""y"":26,""width"":768,""height"":582}","{}"
Patient01209_Plane3_6_of_7.png,212383,"{}",1,0,"{""name"":""rect"",""x"":183,""y"":32,""width"":589,""height"":463}","{}"
Patient01211_Plane3_3_of_6.png,217388,"{}",1,0,"{""name"":""rect"",""x"":152,""y"":44,""width"":578,""height"":545}","{}"
Patient01211_Plane3_4_of_6.png,217388,"{}",1,0,"{""name"":""rect"",""x"":129,""y"":47,""width"":594,""height"":558}","{}"
Patient01212_Plane3_2_of_4.png,213502,"{}",1,0,"{""name"":""rect"",""x"":166,""y"":36,""width"":578,""height"":504}","{}"
Patient01212_Plane3_4_of_4.png,213034,"{}",1,0,"{""name"":""rect"",""x"":152,""y"":58,""width"":629,""height"":499}","{}"
Patient01213_Plane3_7_of_8.png,201037,"{}",1,0,"{""name"":""rect"",""x"":209,""y"":47,""width"":627,""height"":476}","{}"
Patient01215_Plane3_4_of_4.png,108051,"{}",1,0,"{""name"":""rect"",""x"":100,""y"":2,""width"":446,""height"":353}","{}"
Patient01216_Plane3_1_of_3.png,89328,"{}",1,0,"{""name"":""rect"",""x"":127,""y"":0,""width"":424,""height"":354}","{}"
Patient01216_Plane3_2_of_3.png,100812,"{}",1,0,"{""name"":""rect"",""x"":82,""y"":2,""width"":446,""height"":369}","{}"
Patient01222_Plane3_3_of_8.png,204776,"{}",1,0,"{""name"":""rect"",""x"":147,""y"":25,""width"":720,""height"":562}","{}"
Patient01222_Plane3_4_of_8.png,213192,"{}",1,0,"{""name"":""rect"",""x"":260,""y"":13,""width"":642,""height"":509}","{}"
Patient01223_Plane3_3_of_4.png,221205,"{}",1,0,"{""name"":""rect"",""x"":128,""y"":30,""width"":706,""height"":518}","{}"
Patient01224_Plane3_1_of_4.png,216587,"{}",1,0,"{""name"":""rect"",""x"":178,""y"":102,""width"":596,""height"":468}","{}"
Patient01225_Plane3_2_of_4.png,246286,"{}",1,0,"{""name"":""rect"",""x"":104,""y"":74,""width"":694,""height"":520}","{}"
Patient01225_Plane3_4_of_4.png,214946,"{}",1,0,"{""name"":""rect"",""x"":212,""y"":32,""width"":713,""height"":534}","{}"
Patient01229_Plane3_4_of_4.png,239475,"{}",1,0,"{""name"":""rect"",""x"":256,""y"":24,""width"":635,""height"":467}","{}"
Patient01234_Plane3_1_of_6.png,222670,"{}",1,0,"{""name"":""rect"",""x"":146,""y"":4,""width"":542,""height"":496}","{}"
Patient01234_Plane3_4_of_6.png,192481,"{}",1,0,"{""name"":""rect"",""x"":141,""y"":108,""width"":565,""height"":500}","{}"
Patient01234_Plane3_5_of_6.png,217830,"{}",1,0,"{""name"":""rect"",""x"":118,""y"":128,""width"":596,""height"":490}","{}"
Patient01250_Plane3_1_of_2.png,227494,"{}",1,0,"{""name"":""rect"",""x"":209,""y"":72,""width"":601,""height"":485}","{}"
Patient01250_Plane3_2_of_2.png,217651,"{}",1,0,"{""name"":""rect"",""x"":156,""y"":40,""width"":574,""height"":460}","{}"
Patient01252_Plane3_2_of_2.png,113371,"{}",1,0,"{""name"":""rect"",""x"":173,""y"":25,""width"":410,""height"":325}","{}"
Patient01254_Plane3_4_of_5.png,213203,"{}",1,0,"{""name"":""rect"",""x"":79,""y"":49,""width"":727,""height"":548}","{}"
Patient01256_Plane3_2_of_4.png,223515,"{}",1,0,"{""name"":""rect"",""x"":178,""y"":89,""width"":681,""height"":518}","{}"
Patient01256_Plane3_3_of_4.png,245353,"{}",1,0,"{""name"":""rect"",""x"":41,""y"":81,""width"":676,""height"":512}","{}"
Patient01262_Plane3_1_of_4.png,237474,"{}",1,0,"{""name"":""rect"",""x"":260,""y"":81,""width"":540,""height"":473}","{}"
Patient01262_Plane3_2_of_4.png,231406,"{}",1,0,"{""name"":""rect"",""x"":294,""y"":80,""width"":520,""height"":464}","{}"
Patient01262_Plane3_4_of_4.png,233818,"{}",1,0,"{""name"":""rect"",""x"":252,""y"":71,""width"":573,""height"":466}","{}"
Patient01267_Plane3_4_of_4.png,238503,"{}",1,0,"{""name"":""rect"",""x"":229,""y"":87,""width"":523,""height"":465}","{}"
Patient01271_Plane3_1_of_15.png,218589,"{}",1,0,"{""name"":""rect"",""x"":327,""y"":70,""width"":539,""height"":404}","{}"
Patient01271_Plane3_5_of_15.png,248307,"{}",1,0,"{""name"":""rect"",""x"":210,""y"":10,""width"":610,""height"":469}","{}"
Patient01271_Plane3_10_of_15.png,218589,"{}",1,0,"{""name"":""rect"",""x"":330,""y"":70,""width"":536,""height"":423}","{}"
Patient01271_Plane3_15_of_15.png,248307,"{}",1,0,"{""name"":""rect"",""x"":212,""y"":16,""width"":602,""height"":452}","{}"
Patient01272_Plane3_2_of_3.png,105624,"{}",1,0,"{""name"":""rect"",""x"":94,""y"":9,""width"":497,""height"":378}","{}"
Patient01273_Plane3_2_of_2.png,117881,"{}",1,0,"{""name"":""rect"",""x"":180,""y"":9,""width"":367,""height"":311}","{}"
Patient01274_Plane3_3_of_4.png,201824,"{}",1,0,"{""name"":""rect"",""x"":175,""y"":34,""width"":578,""height"":470}","{}"
Patient01275_Plane3_7_of_7.png,229256,"{}",1,0,"{""name"":""rect"",""x"":293,""y"":135,""width"":587,""height"":490}","{}"
Patient01278_Plane3_1_of_1.png,213730,"{}",1,0,"{""name"":""rect"",""x"":169,""y"":86,""width"":695,""height"":500}","{}"
Patient01280_Plane3_2_of_5.png,253973,"{}",1,0,"{""name"":""rect"",""x"":214,""y"":72,""width"":584,""height"":483}","{}"
Patient01280_Plane3_5_of_5.png,246166,"{}",1,0,"{""name"":""rect"",""x"":234,""y"":63,""width"":520,""height"":448}","{}"
Patient01286_Plane3_4_of_5.png,240308,"{}",1,0,"{""name"":""rect"",""x"":178,""y"":19,""width"":594,""height"":468}","{}"
Patient01286_Plane3_5_of_5.png,250774,"{}",1,0,"{""name"":""rect"",""x"":206,""y"":40,""width"":520,""height"":448}","{}"
Patient01288_Plane3_2_of_4.png,90921,"{}",1,0,"{""name"":""rect"",""x"":114,""y"":28,""width"":437,""height"":332}","{}"
Patient01289_Plane3_2_of_2.png,113666,"{}",1,0,"{""name"":""rect"",""x"":89,""y"":16,""width"":417,""height"":317}","{}"
Patient01291_Plane3_1_of_2.png,194958,"{}",1,0,"{""name"":""rect"",""x"":218,""y"":12,""width"":637,""height"":541}","{}"
Patient01293_Plane3_2_of_6.png,238466,"{}",1,0,"{""name"":""rect"",""x"":180,""y"":76,""width"":650,""height"":495}","{}"
Patient01294_Plane3_1_of_1.png,239189,"{}",1,0,"{""name"":""rect"",""x"":146,""y"":136,""width"":566,""height"":444}","{}"
Patient01296_Plane3_3_of_5.png,221482,"{}",1,0,"{""name"":""rect"",""x"":207,""y"":16,""width"":617,""height"":490}","{}"
Patient01296_Plane3_4_of_5.png,206056,"{}",1,0,"{""name"":""rect"",""x"":176,""y"":44,""width"":574,""height"":479}","{}"
Patient01300_Plane3_1_of_6.png,213077,"{}",1,0,"{""name"":""rect"",""x"":137,""y"":72,""width"":647,""height"":466}","{}"
Patient01301_Plane3_3_of_7.png,233329,"{}",1,0,"{""name"":""rect"",""x"":149,""y"":23,""width"":667,""height"":515}","{}"
Patient01301_Plane3_4_of_7.png,195142,"{}",1,0,"{""name"":""rect"",""x"":186,""y"":78,""width"":571,""height"":435}","{}"
Patient01303_Plane3_2_of_3.png,191856,"{}",1,0,"{""name"":""rect"",""x"":199,""y"":74,""width"":557,""height"":458}","{}"
Patient01304_Plane3_1_of_6.png,207183,"{}",1,0,"{""name"":""rect"",""x"":136,""y"":54,""width"":656,""height"":551}","{}"
Patient01304_Plane3_2_of_6.png,207683,"{}",1,0,"{""name"":""rect"",""x"":134,""y"":69,""width"":620,""height"":526}","{}"
Patient01306_Plane3_3_of_4.png,274297,"{}",1,0,"{""name"":""rect"",""x"":161,""y"":42,""width"":684,""height"":613}","{}"
Patient01306_Plane3_4_of_4.png,250318,"{}",1,0,"{""name"":""rect"",""x"":172,""y"":47,""width"":724,""height"":577}","{}"
Patient01307_Plane3_2_of_2.png,120998,"{}",1,0,"{""name"":""rect"",""x"":285,""y"":5,""width"":349,""height"":271}","{}"
Patient01308_Plane3_3_of_3.png,117998,"{}",1,0,"{""name"":""rect"",""x"":170,""y"":20,""width"":352,""height"":282}","{}"
Patient01309_Plane3_1_of_3.png,79697,"{}",1,0,"{""name"":""rect"",""x"":138,""y"":36,""width"":384,""height"":328}","{}"
Patient01310_Plane3_2_of_5.png,223409,"{}",1,0,"{""name"":""rect"",""x"":151,""y"":34,""width"":618,""height"":504}","{}"
Patient01312_Plane3_1_of_3.png,164520,"{}",1,0,"{""name"":""rect"",""x"":261,""y"":8,""width"":678,""height"":501}","{}"
Patient01312_Plane3_2_of_3.png,224569,"{}",1,0,"{""name"":""rect"",""x"":124,""y"":95,""width"":678,""height"":525}","{}"
Patient01318_Plane3_1_of_3.png,186218,"{}",1,0,"{""name"":""rect"",""x"":162,""y"":71,""width"":655,""height"":530}","{}"
Patient01323_Plane3_6_of_8.png,176783,"{}",1,0,"{""name"":""rect"",""x"":169,""y"":22,""width"":661,""height"":565}","{}"
Patient01323_Plane3_7_of_8.png,176949,"{}",1,0,"{""name"":""rect"",""x"":128,""y"":30,""width"":684,""height"":547}","{}"
Patient01332_Plane3_1_of_4.png,120492,"{}",1,0,"{""name"":""rect"",""x"":138,""y"":0,""width"":472,""height"":363}","{}"
Patient01340_Plane3_3_of_3.png,210930,"{}",1,0,"{""name"":""rect"",""x"":361,""y"":21,""width"":520,""height"":458}","{}"
Patient01343_Plane3_1_of_2.png,194180,"{}",1,0,"{""name"":""rect"",""x"":189,""y"":31,""width"":647,""height"":523}","{}"
Patient01344_Plane3_3_of_4.png,233393,"{}",1,0,"{""name"":""rect"",""x"":188,""y"":62,""width"":558,""height"":486}","{}"
Patient01345_Plane3_4_of_5.png,213701,"{}",1,0,"{""name"":""rect"",""x"":134,""y"":28,""width"":651,""height"":514}","{}"
Patient01347_Plane3_2_of_4.png,113680,"{}",1,0,"{""name"":""rect"",""x"":122,""y"":1,""width"":472,""height"":328}","{}"
Patient01351_Plane3_3_of_3.png,218601,"{}",1,0,"{""name"":""rect"",""x"":83,""y"":100,""width"":612,""height"":511}","{}"
Patient01354_Plane3_5_of_5.png,202472,"{}",1,0,"{""name"":""rect"",""x"":64,""y"":79,""width"":533,""height"":404}","{}"
Patient01370_Plane3_1_of_1.png,209130,"{}",1,0,"{""name"":""rect"",""x"":57,""y"":19,""width"":745,""height"":582}","{}"
Patient01372_Plane3_2_of_8.png,214335,"{}",1,0,"{""name"":""rect"",""x"":211,""y"":1,""width"":583,""height"":404}","{}"
Patient01372_Plane3_4_of_8.png,199032,"{}",1,0,"{""name"":""rect"",""x"":240,""y"":157,""width"":504,""height"":387}","{}"
Patient01374_Plane3_1_of_2.png,88890,"{}",1,0,"{""name"":""rect"",""x"":146,""y"":29,""width"":389,""height"":331}","{}"
Patient01379_Plane3_2_of_2.png,234458,"{}",1,0,"{""name"":""rect"",""x"":110,""y"":66,""width"":672,""height"":561}","{}"
Patient01384_Plane3_2_of_3.png,212496,"{}",1,0,"{""name"":""rect"",""x"":122,""y"":12,""width"":669,""height"":559}","{}"
Patient01384_Plane3_3_of_3.png,212496,"{}",1,0,"{""name"":""rect"",""x"":102,""y"":9,""width"":677,""height"":543}","{}"
Patient01394_Plane3_3_of_3.png,259520,"{}",1,0,"{""name"":""rect"",""x"":222,""y"":4,""width"":583,""height"":514}","{}"
Patient01399_Plane3_2_of_2.png,166106,"{}",1,0,"{""name"":""rect"",""x"":205,""y"":52,""width"":601,""height"":528}","{}"
Patient01400_Plane3_2_of_3.png,265772,"{}",1,0,"{""name"":""rect"",""x"":231,""y"":80,""width"":608,""height"":502}","{}"
Patient01408_Plane3_2_of_9.png,309878,"{}",1,0,"{""name"":""rect"",""x"":278,""y"":150,""width"":632,""height"":483}","{}"
Patient01408_Plane3_7_of_9.png,321220,"{}",1,0,"{""name"":""rect"",""x"":254,""y"":140,""width"":682,""height"":525}","{}"
Patient01409_Plane3_1_of_4.png,294878,"{}",1,0,"{""name"":""rect"",""x"":322,""y"":129,""width"":590,""height"":460}","{}"
Patient01409_Plane3_2_of_4.png,301469,"{}",1,0,"{""name"":""rect"",""x"":283,""y"":135,""width"":660,""height"":442}","{}"
Patient01410_Plane3_1_of_1.png,217616,"{}",1,0,"{""name"":""rect"",""x"":285,""y"":142,""width"":594,""height"":433}","{}"
Patient01413_Plane3_4_of_4.png,233123,"{}",1,0,"{""name"":""rect"",""x"":126,""y"":34,""width"":591,""height"":503}","{}"
Patient01421_Plane3_1_of_2.png,208094,"{}",1,0,"{""name"":""rect"",""x"":130,""y"":45,""width"":650,""height"":509}","{}"
Patient01422_Plane3_2_of_2.png,107388,"{}",1,0,"{""name"":""rect"",""x"":82,""y"":2,""width"":481,""height"":346}","{}"
Patient01423_Plane3_1_of_1.png,109266,"{}",1,0,"{""name"":""rect"",""x"":166,""y"":20,""width"":483,""height"":360}","{}"
Patient01424_Plane3_2_of_3.png,102841,"{}",1,0,"{""name"":""rect"",""x"":84,""y"":8,""width"":524,""height"":347}","{}"
Patient01426_Plane3_1_of_4.png,115144,"{}",1,0,"{""name"":""rect"",""x"":176,""y"":9,""width"":374,""height"":285}","{}"
Patient01426_Plane3_2_of_4.png,99449,"{}",1,0,"{""name"":""rect"",""x"":104,""y"":20,""width"":443,""height"":340}","{}"
Patient01426_Plane3_3_of_4.png,121450,"{}",1,0,"{""name"":""rect"",""x"":162,""y"":14,""width"":364,""height"":279}","{}"
Patient01427_Plane3_3_of_4.png,239282,"{}",1,0,"{""name"":""rect"",""x"":189,""y"":32,""width"":645,""height"":527}","{}"
Patient01429_Plane3_1_of_2.png,207995,"{}",1,0,"{""name"":""rect"",""x"":146,""y"":36,""width"":639,""height"":495}","{}"
Patient01434_Plane3_2_of_6.png,214144,"{}",1,0,"{""name"":""rect"",""x"":285,""y"":7,""width"":564,""height"":482}","{}"
Patient01434_Plane3_3_of_6.png,222833,"{}",1,0,"{""name"":""rect"",""x"":170,""y"":27,""width"":577,""height"":473}","{}"
Patient01438_Plane3_3_of_3.png,285120,"{}",1,0,"{""name"":""rect"",""x"":267,""y"":142,""width"":695,""height"":542}","{}"
Patient01440_Plane3_1_of_3.png,238597,"{}",1,0,"{""name"":""rect"",""x"":144,""y"":20,""width"":548,""height"":422}","{}"
Patient01444_Plane3_5_of_7.png,278185,"{}",1,0,"{""name"":""rect"",""x"":339,""y"":87,""width"":625,""height"":470}","{}"
Patient01448_Plane3_2_of_3.png,107837,"{}",1,0,"{""name"":""rect"",""x"":102,""y"":1,""width"":476,""height"":348}","{}"
Patient01453_Plane3_1_of_4.png,246298,"{}",1,0,"{""name"":""rect"",""x"":261,""y"":68,""width"":553,""height"":447}","{}"
Patient01453_Plane3_2_of_4.png,251274,"{}",1,0,"{""name"":""rect"",""x"":184,""y"":99,""width"":540,""height"":413}","{}"
Patient01453_Plane3_4_of_4.png,247475,"{}",1,0,"{""name"":""rect"",""x"":230,""y"":30,""width"":718,""height"":525}","{}"
Patient01454_Plane3_2_of_2.png,318124,"{}",1,0,"{""name"":""rect"",""x"":271,""y"":112,""width"":590,""height"":461}","{}"
Patient01457_Plane3_1_of_3.png,231495,"{}",1,0,"{""name"":""rect"",""x"":130,""y"":22,""width"":635,""height"":484}","{}"
Patient01457_Plane3_2_of_3.png,230053,"{}",1,0,"{""name"":""rect"",""x"":102,""y"":15,""width"":556,""height"":474}","{}"
Patient01461_Plane3_3_of_3.png,197664,"{}",1,0,"{""name"":""rect"",""x"":252,""y"":41,""width"":549,""height"":532}","{}"
Patient01462_Plane3_1_of_4.png,187069,"{}",1,0,"{""name"":""rect"",""x"":249,""y"":54,""width"":622,""height"":538}","{}"
Patient01462_Plane3_3_of_4.png,239573,"{}",1,0,"{""name"":""rect"",""x"":182,""y"":16,""width"":669,""height"":510}","{}"
Patient01462_Plane3_4_of_4.png,241549,"{}",1,0,"{""name"":""rect"",""x"":153,""y"":13,""width"":706,""height"":516}","{}"
Patient01468_Plane3_1_of_4.png,210602,"{}",1,0,"{""name"":""rect"",""x"":75,""y"":19,""width"":696,""height"":481}","{}"
Patient01468_Plane3_3_of_4.png,229515,"{}",1,0,"{""name"":""rect"",""x"":222,""y"":32,""width"":668,""height"":477}","{}"
Patient01472_Plane3_4_of_4.png,197082,"{}",1,0,"{""name"":""rect"",""x"":144,""y"":48,""width"":759,""height"":536}","{}"
Patient01473_Plane3_1_of_4.png,252918,"{}",1,0,"{""name"":""rect"",""x"":262,""y"":64,""width"":724,""height"":595}","{}"
Patient01473_Plane3_2_of_4.png,248646,"{}",1,0,"{""name"":""rect"",""x"":372,""y"":36,""width"":695,""height"":610}","{}"
Patient01478_Plane3_3_of_12.png,253701,"{}",1,0,"{""name"":""rect"",""x"":202,""y"":128,""width"":568,""height"":460}","{}"
Patient01478_Plane3_6_of_12.png,253701,"{}",1,0,"{""name"":""rect"",""x"":234,""y"":108,""width"":533,""height"":497}","{}"
Patient01478_Plane3_9_of_12.png,238520,"{}",1,0,"{""name"":""rect"",""x"":342,""y"":51,""width"":512,""height"":478}","{}"
Patient01484_Plane3_2_of_2.png,111047,"{}",1,0,"{""name"":""rect"",""x"":94,""y"":10,""width"":488,""height"":369}","{}"
Patient01486_Plane3_2_of_3.png,126725,"{}",1,0,"{""name"":""rect"",""x"":185,""y"":9,""width"":365,""height"":287}","{}"
Patient01487_Plane3_1_of_2.png,286292,"{}",1,0,"{""name"":""rect"",""x"":212,""y"":67,""width"":584,""height"":483}","{}"
Patient01489_Plane3_2_of_2.png,201275,"{}",1,0,"{""name"":""rect"",""x"":407,""y"":112,""width"":481,""height"":410}","{}"
Patient01491_Plane3_1_of_5.png,207459,"{}",1,0,"{""name"":""rect"",""x"":254,""y"":12,""width"":634,""height"":504}","{}"
Patient01491_Plane3_5_of_5.png,210588,"{}",1,0,"{""name"":""rect"",""x"":187,""y"":6,""width"":632,""height"":446}","{}"
Patient01494_Plane3_2_of_4.png,254918,"{}",1,0,"{""name"":""rect"",""x"":198,""y"":83,""width"":558,""height"":465}","{}"
Patient01495_Plane3_1_of_1.png,149921,"{}",1,0,"{""name"":""rect"",""x"":242,""y"":71,""width"":636,""height"":559}","{}"
Patient01496_Plane3_2_of_2.png,308581,"{}",1,0,"{""name"":""rect"",""x"":256,""y"":106,""width"":566,""height"":422}","{}"
Patient01499_Plane3_2_of_4.png,243503,"{}",1,0,"{""name"":""rect"",""x"":219,""y"":57,""width"":517,""height"":438}","{}"
Patient01501_Plane3_5_of_5.png,167080,"{}",1,0,"{""name"":""rect"",""x"":230,""y"":142,""width"":505,""height"":410}","{}"
Patient01504_Plane3_1_of_1.png,210006,"{}",1,0,"{""name"":""rect"",""x"":188,""y"":111,""width"":604,""height"":477}","{}"
Patient01505_Plane3_3_of_3.png,277226,"{}",1,0,"{""name"":""rect"",""x"":133,""y"":44,""width"":687,""height"":571}","{}"
Patient01506_Plane3_1_of_2.png,235239,"{}",1,0,"{""name"":""rect"",""x"":199,""y"":69,""width"":584,""height"":468}","{}"
Patient01508_Plane3_2_of_2.png,305900,"{}",1,0,"{""name"":""rect"",""x"":265,""y"":93,""width"":597,""height"":495}","{}"
Patient01509_Plane3_2_of_2.png,273505,"{}",1,0,"{""name"":""rect"",""x"":324,""y"":65,""width"":717,""height"":625}","{}"
Patient01510_Plane3_2_of_4.png,111959,"{}",1,0,"{""name"":""rect"",""x"":85,""y"":28,""width"":430,""height"":333}","{}"
Patient01510_Plane3_4_of_4.png,117514,"{}",1,0,"{""name"":""rect"",""x"":84,""y"":35,""width"":430,""height"":344}","{}"
Patient01516_Plane3_1_of_3.png,259322,"{}",1,0,"{""name"":""rect"",""x"":230,""y"":96,""width"":583,""height"":476}","{}"
Patient01517_Plane3_2_of_2.png,283814,"{}",1,0,"{""name"":""rect"",""x"":272,""y"":37,""width"":695,""height"":568}","{}"
Patient01522_Plane3_1_of_1.png,220774,"{}",1,0,"{""name"":""rect"",""x"":84,""y"":40,""width"":680,""height"":596}","{}"
Patient01523_Plane3_2_of_4.png,237696,"{}",1,0,"{""name"":""rect"",""x"":266,""y"":4,""width"":648,""height"":536}","{}"
Patient01523_Plane3_4_of_4.png,218896,"{}",1,0,"{""name"":""rect"",""x"":155,""y"":11,""width"":642,""height"":533}","{}"
Patient01524_Plane3_1_of_4.png,183151,"{}",1,0,"{""name"":""rect"",""x"":95,""y"":40,""width"":637,""height"":504}","{}"
Patient01524_Plane3_3_of_4.png,197320,"{}",1,0,"{""name"":""rect"",""x"":270,""y"":89,""width"":641,""height"":511}","{}"
Patient01524_Plane3_4_of_4.png,194787,"{}",1,0,"{""name"":""rect"",""x"":274,""y"":6,""width"":616,""height"":489}","{}"
Patient01525_Plane3_1_of_3.png,225888,"{}",1,0,"{""name"":""rect"",""x"":160,""y"":54,""width"":648,""height"":486}","{}"
Patient01531_Plane3_6_of_7.png,238083,"{}",1,0,"{""name"":""rect"",""x"":211,""y"":163,""width"":439,""height"":348}","{}"
Patient01534_Plane3_1_of_2.png,293757,"{}",1,0,"{""name"":""rect"",""x"":459,""y"":40,""width"":652,""height"":518}","{}"
Patient01534_Plane3_2_of_2.png,287031,"{}",1,0,"{""name"":""rect"",""x"":395,""y"":61,""width"":618,""height"":539}","{}"
Patient01535_Plane3_3_of_3.png,237278,"{}",1,0,"{""name"":""rect"",""x"":285,""y"":98,""width"":689,""height"":517}","{}"
Patient01537_Plane3_6_of_9.png,194290,"{}",1,0,"{""name"":""rect"",""x"":193,""y"":87,""width"":498,""height"":421}","{}"
Patient01539_Plane3_3_of_5.png,267081,"{}",1,0,"{""name"":""rect"",""x"":319,""y"":141,""width"":614,""height"":483}","{}"
Patient01546_Plane3_1_of_3.png,246079,"{}",1,0,"{""name"":""rect"",""x"":276,""y"":5,""width"":596,""height"":467}","{}"
Patient01547_Plane3_2_of_2.png,120933,"{}",1,0,"{""name"":""rect"",""x"":197,""y"":24,""width"":377,""height"":295}","{}"
Patient01551_Plane3_2_of_4.png,233255,"{}",1,0,"{""name"":""rect"",""x"":296,""y"":123,""width"":571,""height"":468}","{}"
Patient01552_Plane3_1_of_2.png,192316,"{}",1,0,"{""name"":""rect"",""x"":169,""y"":41,""width"":633,""height"":516}","{}"
Patient01553_Plane3_3_of_7.png,224563,"{}",1,0,"{""name"":""rect"",""x"":324,""y"":19,""width"":622,""height"":517}","{}"
Patient01553_Plane3_4_of_7.png,222304,"{}",1,0,"{""name"":""rect"",""x"":245,""y"":20,""width"":641,""height"":519}","{}"
Patient01553_Plane3_5_of_7.png,220772,"{}",1,0,"{""name"":""rect"",""x"":218,""y"":14,""width"":656,""height"":534}","{}"
Patient01553_Plane3_6_of_7.png,216373,"{}",1,0,"{""name"":""rect"",""x"":318,""y"":22,""width"":622,""height"":520}","{}"
Patient01553_Plane3_7_of_7.png,218466,"{}",1,0,"{""name"":""rect"",""x"":240,""y"":44,""width"":655,""height"":521}","{}"
Patient01555_Plane3_1_of_2.png,238576,"{}",1,0,"{""name"":""rect"",""x"":119,""y"":4,""width"":678,""height"":560}","{}"
Patient01557_Plane3_4_of_4.png,214539,"{}",1,0,"{""name"":""rect"",""x"":251,""y"":28,""width"":651,""height"":517}","{}"
Patient01558_Plane3_1_of_5.png,156469,"{}",1,0,"{""name"":""rect"",""x"":157,""y"":98,""width"":517,""height"":399}","{}"
Patient01559_Plane3_2_of_2.png,223677,"{}",1,0,"{""name"":""rect"",""x"":276,""y"":59,""width"":629,""height"":522}","{}"
Patient01562_Plane3_1_of_1.png,246526,"{}",1,0,"{""name"":""rect"",""x"":122,""y"":31,""width"":588,""height"":464}","{}"
Patient01566_Plane3_1_of_3.png,92564,"{}",1,0,"{""name"":""rect"",""x"":142,""y"":24,""width"":410,""height"":351}","{}"
Patient01566_Plane3_3_of_3.png,112176,"{}",1,0,"{""name"":""rect"",""x"":110,""y"":0,""width"":481,""height"":371}","{}"
Patient01567_Plane3_2_of_5.png,275145,"{}",1,0,"{""name"":""rect"",""x"":277,""y"":156,""width"":660,""height"":505}","{}"
Patient01570_Plane3_2_of_3.png,105358,"{}",1,0,"{""name"":""rect"",""x"":61,""y"":19,""width"":439,""height"":341}","{}"
Patient01580_Plane3_1_of_3.png,217857,"{}",1,0,"{""name"":""rect"",""x"":185,""y"":120,""width"":554,""height"":494}","{}"
Patient01580_Plane3_2_of_3.png,225064,"{}",1,0,"{""name"":""rect"",""x"":195,""y"":125,""width"":581,""height"":498}","{}"
Patient01583_Plane3_1_of_2.png,179743,"{}",1,0,"{""name"":""rect"",""x"":262,""y"":199,""width"":438,""height"":348}","{}"
Patient01593_Plane3_1_of_1.png,222088,"{}",1,0,"{""name"":""rect"",""x"":258,""y"":60,""width"":639,""height"":498}","{}"
Patient01596_Plane3_4_of_5.png,237541,"{}",1,0,"{""name"":""rect"",""x"":208,""y"":88,""width"":549,""height"":436}","{}"
Patient01602_Plane3_3_of_6.png,238474,"{}",1,0,"{""name"":""rect"",""x"":224,""y"":83,""width"":566,""height"":485}","{}"
Patient01604_Plane3_4_of_4.png,201304,"{}",1,0,"{""name"":""rect"",""x"":228,""y"":108,""width"":558,""height"":460}","{}"
Patient01608_Plane3_3_of_3.png,229299,"{}",1,0,"{""name"":""rect"",""x"":136,""y"":30,""width"":614,""height"":520}","{}"
Patient01610_Plane3_2_of_9.png,290873,"{}",1,0,"{""name"":""rect"",""x"":198,""y"":26,""width"":761,""height"":563}","{}"
Patient01610_Plane3_7_of_9.png,319653,"{}",1,0,"{""name"":""rect"",""x"":140,""y"":72,""width"":748,""height"":561}","{}"
Patient01611_Plane3_1_of_3.png,214549,"{}",1,0,"{""name"":""rect"",""x"":103,""y"":22,""width"":801,""height"":559}","{}"
Patient01615_Plane3_1_of_1.png,107168,"{}",1,0,"{""name"":""rect"",""x"":129,""y"":19,""width"":448,""height"":341}","{}"
Patient01616_Plane3_2_of_3.png,235789,"{}",1,0,"{""name"":""rect"",""x"":271,""y"":63,""width"":605,""height"":486}","{}"
Patient01618_Plane3_2_of_4.png,214183,"{}",1,0,"{""name"":""rect"",""x"":136,""y"":82,""width"":678,""height"":548}","{}"
Patient01618_Plane3_3_of_4.png,218460,"{}",1,0,"{""name"":""rect"",""x"":182,""y"":76,""width"":644,""height"":534}","{}"
Patient01618_Plane3_4_of_4.png,222984,"{}",1,0,"{""name"":""rect"",""x"":166,""y"":44,""width"":607,""height"":524}","{}"
Patient01620_Plane3_1_of_3.png,205579,"{}",1,0,"{""name"":""rect"",""x"":218,""y"":124,""width"":644,""height"":491}","{}"
Patient01621_Plane3_3_of_3.png,212800,"{}",1,0,"{""name"":""rect"",""x"":139,""y"":97,""width"":585,""height"":447}","{}"
Patient01627_Plane3_1_of_1.png,226029,"{}",1,0,"{""name"":""rect"",""x"":153,""y"":4,""width"":585,""height"":448}","{}"
Patient01628_Plane3_1_of_4.png,241978,"{}",1,0,"{""name"":""rect"",""x"":218,""y"":40,""width"":584,""height"":447}","{}"
Patient01628_Plane3_2_of_4.png,243038,"{}",1,0,"{""name"":""rect"",""x"":245,""y"":57,""width"":538,""height"":419}","{}"
Patient01632_Plane3_1_of_2.png,95534,"{}",1,0,"{""name"":""rect"",""x"":118,""y"":39,""width"":379,""height"":321}","{}"
Patient01635_Plane3_3_of_4.png,219010,"{}",1,0,"{""name"":""rect"",""x"":182,""y"":55,""width"":613,""height"":489}","{}"
Patient01643_Plane3_1_of_1.png,199732,"{}",1,0,"{""name"":""rect"",""x"":224,""y"":115,""width"":492,""height"":401}","{}"
Patient01646_Plane3_1_of_3.png,193742,"{}",1,0,"{""name"":""rect"",""x"":299,""y"":48,""width"":589,""height"":510}","{}"
Patient01647_Plane3_6_of_9.png,225143,"{}",1,0,"{""name"":""rect"",""x"":141,""y"":2,""width"":693,""height"":562}","{}"
Patient01648_Plane3_5_of_6.png,213755,"{}",1,0,"{""name"":""rect"",""x"":231,""y"":74,""width"":507,""height"":450}","{}"
Patient01652_Plane3_1_of_2.png,173575,"{}",1,0,"{""name"":""rect"",""x"":344,""y"":285,""width"":378,""height"":323}","{}"
Patient01653_Plane3_3_of_11.png,237452,"{}",1,0,"{""name"":""rect"",""x"":191,""y"":174,""width"":607,""height"":476}","{}"
Patient01653_Plane3_7_of_11.png,237452,"{}",1,0,"{""name"":""rect"",""x"":211,""y"":184,""width"":596,""height"":471}","{}"
Patient01659_Plane3_1_of_3.png,96898,"{}",1,0,"{""name"":""rect"",""x"":120,""y"":4,""width"":458,""height"":372}","{}"
Patient01659_Plane3_2_of_3.png,98785,"{}",1,0,"{""name"":""rect"",""x"":106,""y"":16,""width"":432,""height"":332}","{}"
Patient01662_Plane3_3_of_3.png,202658,"{}",1,0,"{""name"":""rect"",""x"":234,""y"":174,""width"":505,""height"":418}","{}"
Patient01663_Plane3_2_of_5.png,193470,"{}",1,0,"{""name"":""rect"",""x"":155,""y"":96,""width"":602,""height"":480}","{}"
Patient01663_Plane3_3_of_5.png,185624,"{}",1,0,"{""name"":""rect"",""x"":203,""y"":93,""width"":556,""height"":460}","{}"
Patient01663_Plane3_4_of_5.png,188743,"{}",1,0,"{""name"":""rect"",""x"":236,""y"":108,""width"":650,""height"":463}","{}"
Patient01666_Plane3_1_of_1.png,208086,"{}",1,0,"{""name"":""rect"",""x"":163,""y"":32,""width"":592,""height"":464}","{}"
Patient01667_Plane3_1_of_3.png,151130,"{}",1,0,"{""name"":""rect"",""x"":157,""y"":92,""width"":549,""height"":452}","{}"
Patient01667_Plane3_3_of_3.png,175432,"{}",1,0,"{""name"":""rect"",""x"":189,""y"":76,""width"":548,""height"":460}","{}"
Patient01669_Plane3_1_of_3.png,223570,"{}",1,0,"{""name"":""rect"",""x"":242,""y"":50,""width"":613,""height"":478}","{}"
Patient01673_Plane3_1_of_1.png,121879,"{}",1,0,"{""name"":""rect"",""x"":189,""y"":56,""width"":382,""height"":304}","{}"
Patient01677_Plane3_2_of_3.png,307338,"{}",1,0,"{""name"":""rect"",""x"":315,""y"":47,""width"":631,""height"":479}","{}"
Patient01677_Plane3_3_of_3.png,301944,"{}",1,0,"{""name"":""rect"",""x"":273,""y"":33,""width"":613,""height"":477}","{}"
Patient01681_Plane3_2_of_5.png,254877,"{}",1,0,"{""name"":""rect"",""x"":227,""y"":92,""width"":476,""height"":392}","{}"
Patient01681_Plane3_3_of_5.png,246339,"{}",1,0,"{""name"":""rect"",""x"":178,""y"":82,""width"":514,""height"":430}","{}"
Patient01681_Plane3_5_of_5.png,254877,"{}",1,0,"{""name"":""rect"",""x"":221,""y"":119,""width"":497,""height"":361}","{}"
Patient01687_Plane3_1_of_1.png,186493,"{}",1,0,"{""name"":""rect"",""x"":150,""y"":12,""width"":703,""height"":527}","{}"
Patient01689_Plane3_3_of_3.png,282719,"{}",1,0,"{""name"":""rect"",""x"":216,""y"":16,""width"":745,""height"":570}","{}"
Patient01690_Plane3_1_of_2.png,264256,"{}",1,0,"{""name"":""rect"",""x"":175,""y"":79,""width"":726,""height"":614}","{}"
Patient01692_Plane3_4_of_4.png,283091,"{}",1,0,"{""name"":""rect"",""x"":177,""y"":135,""width"":665,""height"":570}","{}"
Patient01696_Plane3_1_of_3.png,111396,"{}",1,0,"{""name"":""rect"",""x"":104,""y"":5,""width"":473,""height"":348}","{}"
Patient01696_Plane3_3_of_3.png,128579,"{}",1,0,"{""name"":""rect"",""x"":237,""y"":20,""width"":306,""height"":266}","{}"
Patient01698_Plane3_2_of_4.png,264049,"{}",1,0,"{""name"":""rect"",""x"":222,""y"":128,""width"":691,""height"":561}","{}"
Patient01698_Plane3_3_of_4.png,271253,"{}",1,0,"{""name"":""rect"",""x"":248,""y"":161,""width"":684,""height"":531}","{}"
Patient01702_Plane3_8_of_8.png,229083,"{}",1,0,"{""name"":""rect"",""x"":380,""y"":84,""width"":522,""height"":401}","{}"
Patient01703_Plane3_1_of_3.png,229087,"{}",1,0,"{""name"":""rect"",""x"":74,""y"":25,""width"":625,""height"":496}","{}"
Patient01705_Plane3_1_of_3.png,223751,"{}",1,0,"{""name"":""rect"",""x"":206,""y"":29,""width"":478,""height"":398}","{}"
Patient01705_Plane3_3_of_3.png,193192,"{}",1,0,"{""name"":""rect"",""x"":270,""y"":109,""width"":544,""height"":439}","{}"
Patient01706_Plane3_1_of_4.png,251075,"{}",1,0,"{""name"":""rect"",""x"":202,""y"":53,""width"":524,""height"":447}","{}"
Patient01706_Plane3_2_of_4.png,259286,"{}",1,0,"{""name"":""rect"",""x"":250,""y"":46,""width"":513,""height"":436}","{}"
Patient01706_Plane3_4_of_4.png,235768,"{}",1,0,"{""name"":""rect"",""x"":141,""y"":84,""width"":681,""height"":548}","{}"
Patient01709_Plane3_1_of_1.png,185982,"{}",1,0,"{""name"":""rect"",""x"":116,""y"":140,""width"":487,""height"":421}","{}"
Patient01710_Plane3_1_of_5.png,279608,"{}",1,0,"{""name"":""rect"",""x"":207,""y"":33,""width"":710,""height"":603}","{}"
Patient01710_Plane3_4_of_5.png,293967,"{}",1,0,"{""name"":""rect"",""x"":221,""y"":126,""width"":717,""height"":633}","{}"
Patient01712_Plane3_1_of_5.png,287479,"{}",1,0,"{""name"":""rect"",""x"":317,""y"":24,""width"":673,""height"":541}","{}"
Patient01712_Plane3_2_of_5.png,283763,"{}",1,0,"{""name"":""rect"",""x"":343,""y"":22,""width"":711,""height"":533}","{}"
Patient01713_Plane3_3_of_3.png,285446,"{}",1,0,"{""name"":""rect"",""x"":240,""y"":38,""width"":715,""height"":591}","{}"
Patient01717_Plane3_3_of_3.png,91481,"{}",1,0,"{""name"":""rect"",""x"":149,""y"":5,""width"":461,""height"":339}","{}"
Patient01718_Plane3_3_of_4.png,271021,"{}",1,0,"{""name"":""rect"",""x"":260,""y"":125,""width"":678,""height"":533}","{}"
Patient01718_Plane3_4_of_4.png,238529,"{}",1,0,"{""name"":""rect"",""x"":235,""y"":10,""width"":769,""height"":577}","{}"
Patient01720_Plane3_1_of_1.png,230685,"{}",1,0,"{""name"":""rect"",""x"":230,""y"":15,""width"":648,""height"":541}","{}"
Patient01721_Plane3_6_of_6.png,220632,"{}",1,0,"{""name"":""rect"",""x"":92,""y"":36,""width"":630,""height"":458}","{}"
Patient01724_Plane3_1_of_3.png,152641,"{}",1,0,"{""name"":""rect"",""x"":239,""y"":81,""width"":571,""height"":476}","{}"
Patient01724_Plane3_3_of_3.png,158375,"{}",1,0,"{""name"":""rect"",""x"":262,""y"":46,""width"":577,""height"":475}","{}"
Patient01730_Plane3_2_of_3.png,332251,"{}",1,0,"{""name"":""rect"",""x"":105,""y"":76,""width"":708,""height"":575}","{}"
Patient01730_Plane3_3_of_3.png,341682,"{}",1,0,"{""name"":""rect"",""x"":145,""y"":105,""width"":749,""height"":550}","{}"
Patient01731_Plane3_5_of_6.png,208095,"{}",1,0,"{""name"":""rect"",""x"":80,""y"":91,""width"":563,""height"":492}","{}"
Patient01761_Plane3_2_of_2.png,247130,"{}",1,0,"{""name"":""rect"",""x"":225,""y"":134,""width"":626,""height"":509}","{}"
Patient01768_Plane3_2_of_2.png,315645,"{}",1,0,"{""name"":""rect"",""x"":216,""y"":84,""width"":731,""height"":543}","{}"
Patient01777_Plane3_1_of_4.png,270835,"{}",1,0,"{""name"":""rect"",""x"":185,""y"":81,""width"":718,""height"":557}","{}"
Patient01777_Plane3_3_of_4.png,282545,"{}",1,0,"{""name"":""rect"",""x"":193,""y"":84,""width"":724,""height"":566}","{}"
Patient01777_Plane3_4_of_4.png,282905,"{}",1,0,"{""name"":""rect"",""x"":244,""y"":59,""width"":726,""height"":560}","{}"
Patient01778_Plane3_2_of_2.png,274947,"{}",1,0,"{""name"":""rect"",""x"":233,""y"":51,""width"":733,""height"":661}","{}"
Patient01779_Plane3_2_of_4.png,251499,"{}",1,0,"{""name"":""rect"",""x"":226,""y"":90,""width"":759,""height"":660}","{}"
Patient01782_Plane3_1_of_2.png,259753,"{}",1,0,"{""name"":""rect"",""x"":177,""y"":32,""width"":587,""height"":480}","{}"
Patient01785_Plane3_3_of_3.png,293914,"{}",1,0,"{""name"":""rect"",""x"":232,""y"":62,""width"":756,""height"":678}","{}"
Patient01786_Plane3_2_of_3.png,267989,"{}",1,0,"{""name"":""rect"",""x"":90,""y"":52,""width"":782,""height"":641}","{}"
Patient01789_Plane3_3_of_3.png,266118,"{}",1,0,"{""name"":""rect"",""x"":312,""y"":81,""width"":561,""height"":477}","{}"